ins_id,time,open_px,high_px,low_px,last_px,trade_qty,trade_mv,hold_qty,last_time
SHFE.CU2207,2022-05-31 21:00:00.000,71970,72000,71940,71960,1660,597332000,140372,2022-05-31 21:00:59.500
SHFE.CU2207,2022-05-31 21:01:00.000,71950,71980,71920,71970,831,298961250,140254,2022-05-31 21:01:59.500
SHFE.CU2207,2022-05-31 21:02:00.000,71980,71980,71930,71940,355,127703500,140208,2022-05-31 21:02:59.500
SHFE.CU2207,2022-05-31 21:03:00.000,71940,71940,71900,71910,535,192378300,140225,2022-05-31 21:03:59.500
SHFE.CU2207,2022-05-31 21:04:00.000,71910,71920,71820,71860,970,348575650,140056,2022-05-31 21:04:59.500
SHFE.CU2207,2022-05-31 21:05:00.000,71850,71860,71830,71850,371,133275650,140014,2022-05-31 21:05:59.500
SHFE.CU2207,2022-05-31 21:06:00.000,71860,71870,71830,71850,405,145495700,140046,2022-05-31 21:06:59.500
SHFE.CU2207,2022-05-31 21:07:00.000,71850,71860,71830,71850,361,129690900,140012,2022-05-31 21:07:58.500
SHFE.CU2207,2022-05-31 21:08:00.000,71850,71900,71850,71900,329,118232000,140079,2022-05-31 21:08:59.500
SHFE.CU2207,2022-05-31 21:09:00.000,71890,71900,71880,71890,111,39899050,140082,2022-05-31 21:09:58.500
SHFE.CU2207,2022-05-31 21:10:00.000,71880,71890,71860,71890,268,96314100,140084,2022-05-31 21:10:58.500
SHFE.CU2207,2022-05-31 21:11:00.000,71870,71890,71860,71860,126,45277500,140082,2022-05-31 21:11:59.000
SHFE.CU2207,2022-05-31 21:12:00.000,71860,71870,71850,71860,117,42038650,140074,2022-05-31 21:12:57.500
SHFE.CU2207,2022-05-31 21:13:00.000,71870,71890,71860,71880,143,51393650,140046,2022-05-31 21:13:58.500
SHFE.CU2207,2022-05-31 21:14:00.000,71870,71890,71860,71880,106,38091800,140050,2022-05-31 21:14:59.500
SHFE.CU2207,2022-05-31 21:15:00.000,71870,71890,71870,71870,122,43843700,140039,2022-05-31 21:15:59.500
SHFE.CU2207,2022-05-31 21:16:00.000,71870,71900,71860,71890,96,34505400,140028,2022-05-31 21:16:59.500
SHFE.CU2207,2022-05-31 21:17:00.000,71890,71900,71870,71880,106,38098800,140012,2022-05-31 21:17:59.500
SHFE.CU2207,2022-05-31 21:18:00.000,71890,71900,71880,71890,86,30912550,140003,2022-05-31 21:18:59.500
SHFE.CU2207,2022-05-31 21:19:00.000,71900,71900,71880,71890,194,69738550,140013,2022-05-31 21:19:58.500
SHFE.CU2207,2022-05-31 21:20:00.000,71890,71890,71860,71870,169,60733900,139953,2022-05-31 21:20:59.500
SHFE.CU2207,2022-05-31 21:21:00.000,71870,71910,71860,71910,136,48879400,139928,2022-05-31 21:21:59.500
SHFE.CU2207,2022-05-31 21:22:00.000,71900,71900,71880,71880,64,23005300,139926,2022-05-31 21:22:56.500
SHFE.CU2207,2022-05-31 21:23:00.000,71890,71910,71880,71910,73,26241600,139910,2022-05-31 21:23:57.500
SHFE.CU2207,2022-05-31 21:24:00.000,71910,71910,71900,71900,56,20133750,139903,2022-05-31 21:24:59.500
SHFE.CU2207,2022-05-31 21:25:00.000,71900,71940,71900,71940,175,62933600,139917,2022-05-31 21:25:59.500
SHFE.CU2207,2022-05-31 21:26:00.000,71930,71940,71920,71930,77,27693100,139943,2022-05-31 21:26:58.500
SHFE.CU2207,2022-05-31 21:27:00.000,71920,71970,71920,71960,138,49646700,139951,2022-05-31 21:27:57.500
SHFE.CU2207,2022-05-31 21:28:00.000,71970,71980,71950,71980,89,32025050,139947,2022-05-31 21:28:59.500
SHFE.CU2207,2022-05-31 21:29:00.000,71980,72000,71970,71990,246,88544850,139904,2022-05-31 21:29:59.500
SHFE.CU2207,2022-05-31 21:30:00.000,71990,72000,71980,71990,129,46434450,139888,2022-05-31 21:30:59.500
SHFE.CU2207,2022-05-31 21:31:00.000,71990,72000,71970,71970,78,28074250,139914,2022-05-31 21:31:59.000
SHFE.CU2207,2022-05-31 21:32:00.000,71970,71980,71940,71950,101,36337300,139882,2022-05-31 21:32:59.500
SHFE.CU2207,2022-05-31 21:33:00.000,71950,71970,71930,71940,186,66917950,139886,2022-05-31 21:33:58.000
SHFE.CU2207,2022-05-31 21:34:00.000,71930,71950,71900,71910,176,63292300,139920,2022-05-31 21:34:59.500
SHFE.CU2207,2022-05-31 21:35:00.000,71910,71930,71900,71910,91,32721550,139927,2022-05-31 21:35:58.500
SHFE.CU2207,2022-05-31 21:36:00.000,71910,71920,71890,71910,161,57882300,139878,2022-05-31 21:36:59.500
SHFE.CU2207,2022-05-31 21:37:00.000,71910,71910,71900,71910,62,22291750,139879,2022-05-31 21:37:59.000
SHFE.CU2207,2022-05-31 21:38:00.000,71910,71910,71890,71900,83,29838800,139890,2022-05-31 21:38:59.000
SHFE.CU2207,2022-05-31 21:39:00.000,71900,71900,71870,71890,72,25877950,139864,2022-05-31 21:39:59.500
SHFE.CU2207,2022-05-31 21:40:00.000,71870,71890,71870,71880,62,22282100,139877,2022-05-31 21:40:59.500
SHFE.CU2207,2022-05-31 21:41:00.000,71880,71880,71840,71860,186,66829150,139897,2022-05-31 21:41:59.500
SHFE.CU2207,2022-05-31 21:42:00.000,71860,71860,71840,71840,111,39874750,139848,2022-05-31 21:42:59.500
SHFE.CU2207,2022-05-31 21:43:00.000,71840,71850,71790,71790,451,161944000,139830,2022-05-31 21:43:59.500
SHFE.CU2207,2022-05-31 21:44:00.000,71790,71790,71730,71770,772,276971250,139635,2022-05-31 21:44:59.000
SHFE.CU2207,2022-05-31 21:45:00.000,71770,71780,71760,71780,170,61004100,139654,2022-05-31 21:45:59.500
SHFE.CU2207,2022-05-31 21:46:00.000,71770,71800,71770,71790,192,68915700,139666,2022-05-31 21:46:59.500
SHFE.CU2207,2022-05-31 21:47:00.000,71780,71840,71770,71820,136,48828350,139685,2022-05-31 21:47:59.500
SHFE.CU2207,2022-05-31 21:48:00.000,71810,71830,71810,71810,88,31599350,139704,2022-05-31 21:48:55.500
SHFE.CU2207,2022-05-31 21:49:00.000,71800,71820,71800,71810,57,20465600,139689,2022-05-31 21:49:55.000
SHFE.CU2207,2022-05-31 21:50:00.000,71800,71860,71800,71840,68,24424100,139680,2022-05-31 21:50:59.500
SHFE.CU2207,2022-05-31 21:51:00.000,71860,71860,71830,71840,57,20477100,139660,2022-05-31 21:51:58.500
SHFE.CU2207,2022-05-31 21:52:00.000,71820,71850,71820,71840,35,12571150,139664,2022-05-31 21:52:54.500
SHFE.CU2207,2022-05-31 21:53:00.000,71830,71830,71810,71810,104,37344850,139636,2022-05-31 21:53:59.500
SHFE.CU2207,2022-05-31 21:54:00.000,71810,71860,71810,71850,92,33048950,139640,2022-05-31 21:54:59.000
SHFE.CU2207,2022-05-31 21:55:00.000,71850,71850,71830,71840,69,24787000,139632,2022-05-31 21:55:56.000
SHFE.CU2207,2022-05-31 21:56:00.000,71840,71840,71830,71830,15,5387600,139635,2022-05-31 21:56:59.500
SHFE.CU2207,2022-05-31 21:57:00.000,71840,71860,71840,71840,74,26583400,139624,2022-05-31 21:57:56.500
SHFE.CU2207,2022-05-31 21:58:00.000,71850,71860,71840,71840,33,11854550,139608,2022-05-31 21:58:54.000
SHFE.CU2207,2022-05-31 21:59:00.000,71840,71840,71820,71820,45,16161650,139611,2022-05-31 21:59:59.000
SHFE.CU2207,2022-05-31 22:00:00.000,71820,71840,71810,71820,115,41297050,139663,2022-05-31 22:00:59.500
SHFE.CU2207,2022-05-31 22:01:00.000,71820,71820,71800,71810,59,21184950,139663,2022-05-31 22:01:59.500
SHFE.CU2207,2022-05-31 22:02:00.000,71800,71820,71790,71820,68,24413650,139671,2022-05-31 22:02:58.000
SHFE.CU2207,2022-05-31 22:03:00.000,71810,71810,71800,71800,17,6103550,139674,2022-05-31 22:03:55.500
SHFE.CU2207,2022-05-31 22:04:00.000,71800,71800,71760,71770,102,36605550,139646,2022-05-31 22:04:58.000
SHFE.CU2207,2022-05-31 22:05:00.000,71770,71780,71750,71760,155,55619200,139644,2022-05-31 22:05:59.000
SHFE.CU2207,2022-05-31 22:06:00.000,71760,71780,71750,71780,72,25835650,139639,2022-05-31 22:06:59.000
SHFE.CU2207,2022-05-31 22:07:00.000,71780,71820,71780,71820,61,21901350,139641,2022-05-31 22:07:58.500
SHFE.CU2207,2022-05-31 22:08:00.000,71820,71830,71790,71790,33,11849400,139639,2022-05-31 22:08:59.000
SHFE.CU2207,2022-05-31 22:09:00.000,71790,71820,71750,71760,179,64241550,139720,2022-05-31 22:09:59.500
SHFE.CU2207,2022-05-31 22:10:00.000,71760,71790,71750,71770,112,40188650,139702,2022-05-31 22:10:59.500
SHFE.CU2207,2022-05-31 22:11:00.000,71780,71780,71740,71760,114,40900150,139716,2022-05-31 22:11:58.500
SHFE.CU2207,2022-05-31 22:12:00.000,71760,71780,71750,71760,191,68533850,139754,2022-05-31 22:12:59.000
SHFE.CU2207,2022-05-31 22:13:00.000,71760,71770,71750,71770,46,16506250,139757,2022-05-31 22:13:57.000
SHFE.CU2207,2022-05-31 22:14:00.000,71780,71810,71770,71810,39,13998300,139758,2022-05-31 22:14:57.500
SHFE.CU2207,2022-05-31 22:15:00.000,71810,71820,71800,71820,30,10771600,139753,2022-05-31 22:15:58.000
SHFE.CU2207,2022-05-31 22:16:00.000,71810,71820,71790,71790,39,14002500,139748,2022-05-31 22:16:58.500
SHFE.CU2207,2022-05-31 22:17:00.000,71800,71820,71780,71780,44,15796950,139731,2022-05-31 22:17:59.500
SHFE.CU2207,2022-05-31 22:18:00.000,71790,71810,71780,71800,43,15437050,139733,2022-05-31 22:18:58.500
SHFE.CU2207,2022-05-31 22:19:00.000,71790,71800,71780,71790,36,12922050,139733,2022-05-31 22:19:59.500
SHFE.CU2207,2022-05-31 22:20:00.000,71790,71840,71790,71840,116,41658450,139722,2022-05-31 22:20:59.500
SHFE.CU2207,2022-05-31 22:21:00.000,71830,71850,71810,71840,86,30888150,139690,2022-05-31 22:21:59.500
SHFE.CU2207,2022-05-31 22:22:00.000,71850,71850,71820,71820,19,6824150,139683,2022-05-31 22:22:59.500
SHFE.CU2207,2022-05-31 22:23:00.000,71830,71840,71800,71800,42,15080200,139675,2022-05-31 22:23:56.500
SHFE.CU2207,2022-05-31 22:24:00.000,71800,71830,71790,71820,95,34110750,139657,2022-05-31 22:24:58.500
SHFE.CU2207,2022-05-31 22:25:00.000,71810,71810,71780,71780,47,16870600,139661,2022-05-31 22:25:59.500
SHFE.CU2207,2022-05-31 22:26:00.000,71780,71800,71760,71800,64,22967350,139676,2022-05-31 22:26:56.500
SHFE.CU2207,2022-05-31 22:27:00.000,71810,71820,71810,71810,30,10771850,139688,2022-05-31 22:27:52.500
SHFE.CU2207,2022-05-31 22:28:00.000,71820,71840,71820,71830,42,15084650,139672,2022-05-31 22:28:52.000
SHFE.CU2207,2022-05-31 22:29:00.000,71830,71830,71800,71810,29,10413850,139671,2022-05-31 22:29:59.000
SHFE.CU2207,2022-05-31 22:30:00.000,71800,71830,71790,71830,51,18310500,139659,2022-05-31 22:30:58.500
SHFE.CU2207,2022-05-31 22:31:00.000,71820,71830,71820,71830,26,9337500,139660,2022-05-31 22:31:59.500
SHFE.CU2207,2022-05-31 22:32:00.000,71840,71840,71810,71820,38,13647650,139660,2022-05-31 22:32:53.000
SHFE.CU2207,2022-05-31 22:33:00.000,71820,71820,71790,71800,87,31235750,139649,2022-05-31 22:33:56.500
SHFE.CU2207,2022-05-31 22:34:00.000,71800,71820,71790,71820,18,6462250,139644,2022-05-31 22:34:59.500
SHFE.CU2207,2022-05-31 22:35:00.000,71830,71840,71820,71820,64,22984200,139627,2022-05-31 22:35:56.000
SHFE.CU2207,2022-05-31 22:36:00.000,71820,71830,71820,71820,35,12568950,139619,2022-05-31 22:36:59.500
SHFE.CU2207,2022-05-31 22:37:00.000,71820,71820,71790,71790,90,32310350,139604,2022-05-31 22:37:58.500
SHFE.CU2207,2022-05-31 22:38:00.000,71800,71810,71800,71810,38,13642950,139594,2022-05-31 22:38:59.500
SHFE.CU2207,2022-05-31 22:39:00.000,71810,71810,71800,71800,23,8257550,139584,2022-05-31 22:39:58.000
SHFE.CU2207,2022-05-31 22:40:00.000,71790,71800,71780,71790,77,27638250,139572,2022-05-31 22:40:57.000
SHFE.CU2207,2022-05-31 22:41:00.000,71790,71800,71770,71780,31,11126900,139569,2022-05-31 22:41:59.500
SHFE.CU2207,2022-05-31 22:42:00.000,71760,71780,71730,71740,226,81078050,139528,2022-05-31 22:42:59.500
SHFE.CU2207,2022-05-31 22:43:00.000,71740,71770,71730,71750,110,39461300,139536,2022-05-31 22:43:58.000
SHFE.CU2207,2022-05-31 22:44:00.000,71750,71760,71740,71750,110,39461750,139534,2022-05-31 22:44:59.500
SHFE.CU2207,2022-05-31 22:45:00.000,71750,71760,71720,71740,262,93969950,139525,2022-05-31 22:45:58.500
SHFE.CU2207,2022-05-31 22:46:00.000,71730,71740,71720,71740,197,70657150,139487,2022-05-31 22:46:59.500
SHFE.CU2207,2022-05-31 22:47:00.000,71740,71750,71730,71750,99,35511550,139468,2022-05-31 22:47:59.500
SHFE.CU2207,2022-05-31 22:48:00.000,71740,71750,71720,71730,54,19368000,139470,2022-05-31 22:48:57.000
SHFE.CU2207,2022-05-31 22:49:00.000,71730,71730,71680,71690,549,196814300,139316,2022-05-31 22:49:59.500
SHFE.CU2207,2022-05-31 22:50:00.000,71680,71700,71650,71660,813,291340800,139075,2022-05-31 22:50:59.500
SHFE.CU2207,2022-05-31 22:51:00.000,71650,71680,71650,71650,410,146914300,139144,2022-05-31 22:51:59.500
SHFE.CU2207,2022-05-31 22:52:00.000,71650,71680,71650,71680,254,91019650,139039,2022-05-31 22:52:59.500
SHFE.CU2207,2022-05-31 22:53:00.000,71690,71720,71680,71710,155,55572200,139056,2022-05-31 22:53:56.500
SHFE.CU2207,2022-05-31 22:54:00.000,71710,71710,71700,71700,79,28323050,139042,2022-05-31 22:54:59.000
SHFE.CU2207,2022-05-31 22:55:00.000,71700,71710,71670,71670,265,94993900,138912,2022-05-31 22:55:59.500
SHFE.CU2207,2022-05-31 22:56:00.000,71670,71680,71600,71600,544,194861550,138949,2022-05-31 22:56:59.500
SHFE.CU2207,2022-05-31 22:57:00.000,71600,71660,71600,71650,225,80576850,138957,2022-05-31 22:57:59.500
SHFE.CU2207,2022-05-31 22:58:00.000,71640,71650,71620,71640,101,36176150,138955,2022-05-31 22:58:58.500
SHFE.CU2207,2022-05-31 22:59:00.000,71630,71650,71630,71640,71,25432050,138968,2022-05-31 22:59:56.000
SHFE.CU2207,2022-05-31 23:00:00.000,71630,71680,71610,71670,202,72363700,138919,2022-05-31 23:00:59.500
SHFE.CU2207,2022-05-31 23:01:00.000,71670,71680,71670,71680,69,24729000,138898,2022-05-31 23:01:56.500
SHFE.CU2207,2022-05-31 23:02:00.000,71680,71680,71640,71660,80,28664400,138905,2022-05-31 23:02:56.500
SHFE.CU2207,2022-05-31 23:03:00.000,71650,71670,71640,71650,67,24002500,138909,2022-05-31 23:03:59.500
SHFE.CU2207,2022-05-31 23:04:00.000,71650,71660,71630,71660,67,23999950,138901,2022-05-31 23:04:56.500
SHFE.CU2207,2022-05-31 23:05:00.000,71660,71660,71640,71640,33,11821450,138913,2022-05-31 23:05:59.000
SHFE.CU2207,2022-05-31 23:06:00.000,71640,71660,71630,71650,63,22567850,138903,2022-05-31 23:06:59.500
SHFE.CU2207,2022-05-31 23:07:00.000,71650,71650,71560,71570,477,170768800,138830,2022-05-31 23:07:59.500
SHFE.CU2207,2022-05-31 23:08:00.000,71580,71590,71530,71560,458,163876350,138932,2022-05-31 23:08:59.500
SHFE.CU2207,2022-05-31 23:09:00.000,71560,71560,71500,71510,506,180959200,138837,2022-05-31 23:09:59.500
SHFE.CU2207,2022-05-31 23:10:00.000,71510,71560,71500,71550,358,128031450,138853,2022-05-31 23:10:59.500
SHFE.CU2207,2022-05-31 23:11:00.000,71550,71550,71510,71520,228,81538750,138835,2022-05-31 23:11:59.500
SHFE.CU2207,2022-05-31 23:12:00.000,71520,71540,71500,71540,319,114069200,138797,2022-05-31 23:12:59.500
SHFE.CU2207,2022-05-31 23:13:00.000,71530,71540,71510,71520,146,52212900,138771,2022-05-31 23:13:59.500
SHFE.CU2207,2022-05-31 23:14:00.000,71520,71520,71500,71520,154,55063500,138750,2022-05-31 23:14:59.500
SHFE.CU2207,2022-05-31 23:15:00.000,71510,71560,71500,71540,205,73307500,138659,2022-05-31 23:15:57.500
SHFE.CU2207,2022-05-31 23:16:00.000,71550,71570,71530,71530,78,27905550,138658,2022-05-31 23:16:59.500
SHFE.CU2207,2022-05-31 23:17:00.000,71530,71550,71520,71530,111,39700050,138618,2022-05-31 23:17:59.500
SHFE.CU2207,2022-05-31 23:18:00.000,71520,71530,71510,71530,79,28251000,138620,2022-05-31 23:18:59.500
SHFE.CU2207,2022-05-31 23:19:00.000,71540,71540,71460,71470,370,132257450,138619,2022-05-31 23:19:59.500
SHFE.CU2207,2022-05-31 23:20:00.000,71470,71500,71450,71490,397,141865300,138563,2022-05-31 23:20:58.500
SHFE.CU2207,2022-05-31 23:21:00.000,71480,71510,71470,71510,95,33957900,138575,2022-05-31 23:21:59.000
SHFE.CU2207,2022-05-31 23:22:00.000,71500,71510,71490,71490,90,32174550,138589,2022-05-31 23:22:59.000
SHFE.CU2207,2022-05-31 23:23:00.000,71510,71520,71490,71510,120,42902750,138559,2022-05-31 23:23:58.500
SHFE.CU2207,2022-05-31 23:24:00.000,71500,71500,71460,71480,236,84339950,138501,2022-05-31 23:24:59.500
SHFE.CU2207,2022-05-31 23:25:00.000,71470,71490,71460,71490,89,31806200,138494,2022-05-31 23:25:59.500
SHFE.CU2207,2022-05-31 23:26:00.000,71490,71500,71490,71500,248,88659800,138529,2022-05-31 23:26:59.500
SHFE.CU2207,2022-05-31 23:27:00.000,71500,71520,71480,71510,114,40754400,138511,2022-05-31 23:27:59.000
SHFE.CU2207,2022-05-31 23:28:00.000,71510,71530,71500,71520,69,24674350,138487,2022-05-31 23:28:57.500
SHFE.CU2207,2022-05-31 23:29:00.000,71510,71510,71490,71500,54,19306300,138472,2022-05-31 23:29:59.500
SHFE.CU2207,2022-05-31 23:30:00.000,71500,71520,71470,71510,121,43254950,138482,2022-05-31 23:30:59.500
SHFE.CU2207,2022-05-31 23:31:00.000,71510,71510,71510,71510,43,15374650,138476,2022-05-31 23:31:59.500
SHFE.CU2207,2022-05-31 23:32:00.000,71520,71540,71520,71520,84,30040500,138446,2022-05-31 23:32:59.500
SHFE.CU2207,2022-05-31 23:33:00.000,71510,71530,71490,71500,78,27887200,138447,2022-05-31 23:33:58.000
SHFE.CU2207,2022-05-31 23:34:00.000,71480,71490,71450,71470,102,36448750,138448,2022-05-31 23:34:59.500
SHFE.CU2207,2022-05-31 23:35:00.000,71470,71490,71450,71490,101,36089900,138470,2022-05-31 23:35:55.500
SHFE.CU2207,2022-05-31 23:36:00.000,71490,71530,71480,71530,85,30392900,138484,2022-05-31 23:36:59.500
SHFE.CU2207,2022-05-31 23:37:00.000,71520,71550,71490,71490,100,35761200,138504,2022-05-31 23:37:59.500
SHFE.CU2207,2022-05-31 23:38:00.000,71500,71510,71490,71490,29,10366850,138503,2022-05-31 23:38:59.500
SHFE.CU2207,2022-05-31 23:39:00.000,71490,71510,71470,71510,35,12511100,138501,2022-05-31 23:39:58.000
SHFE.CU2207,2022-05-31 23:40:00.000,71520,71520,71500,71500,32,11440450,138502,2022-05-31 23:40:58.500
SHFE.CU2207,2022-05-31 23:41:00.000,71510,71530,71510,71520,32,11443100,138517,2022-05-31 23:41:58.000
SHFE.CU2207,2022-05-31 23:42:00.000,71520,71530,71510,71530,45,16092450,138528,2022-05-31 23:42:59.000
SHFE.CU2207,2022-05-31 23:43:00.000,71540,71570,71540,71550,70,25045400,138497,2022-05-31 23:43:59.000
SHFE.CU2207,2022-05-31 23:44:00.000,71550,71560,71530,71540,78,27903150,138476,2022-05-31 23:44:57.000
SHFE.CU2207,2022-05-31 23:45:00.000,71540,71540,71520,71520,83,29685900,138422,2022-05-31 23:45:59.500
SHFE.CU2207,2022-05-31 23:46:00.000,71520,71570,71510,71550,145,51871200,138374,2022-05-31 23:46:59.000
SHFE.CU2207,2022-05-31 23:47:00.000,71550,71550,71520,71550,46,16453850,138376,2022-05-31 23:47:59.500
SHFE.CU2207,2022-05-31 23:48:00.000,71550,71550,71530,71540,57,20390200,138371,2022-05-31 23:48:58.500
SHFE.CU2207,2022-05-31 23:49:00.000,71540,71540,71520,71530,25,8940800,138363,2022-05-31 23:49:57.500
SHFE.CU2207,2022-05-31 23:50:00.000,71530,71540,71530,71530,66,23605750,138327,2022-05-31 23:50:58.500
SHFE.CU2207,2022-05-31 23:51:00.000,71540,71550,71530,71550,79,28258500,138290,2022-05-31 23:51:58.500
SHFE.CU2207,2022-05-31 23:52:00.000,71540,71550,71530,71550,21,7511700,138279,2022-05-31 23:52:59.500
SHFE.CU2207,2022-05-31 23:53:00.000,71540,71550,71540,71550,36,12878700,138273,2022-05-31 23:53:54.000
SHFE.CU2207,2022-05-31 23:54:00.000,71550,71590,71550,71590,129,46160950,138199,2022-05-31 23:54:59.000
SHFE.CU2207,2022-05-31 23:55:00.000,71590,71590,71580,71580,44,15749500,138177,2022-05-31 23:55:51.500
SHFE.CU2207,2022-05-31 23:56:00.000,71580,71600,71580,71600,32,11454950,138154,2022-05-31 23:56:58.500
SHFE.CU2207,2022-05-31 23:57:00.000,71590,71600,71580,71580,59,21118450,138144,2022-05-31 23:57:57.500
SHFE.CU2207,2022-05-31 23:58:00.000,71570,71610,71570,71610,72,25776200,138127,2022-05-31 23:58:57.500
SHFE.CU2207,2022-05-31 23:59:00.000,71610,71620,71590,71620,62,22197500,138090,2022-05-31 23:59:59.500
SHFE.CU2207,2022-06-01 00:00:00.000,71600,71600,71560,71570,62,22189400,138088,2022-06-01 00:00:59.500
SHFE.CU2207,2022-06-01 00:01:00.000,71560,71590,71560,71560,37,13241350,138076,2022-06-01 00:01:59.500
SHFE.CU2207,2022-06-01 00:02:00.000,71570,71570,71550,71550,22,7870950,138065,2022-06-01 00:02:59.500
SHFE.CU2207,2022-06-01 00:03:00.000,71550,71600,71550,71600,73,26123900,138048,2022-06-01 00:03:59.500
SHFE.CU2207,2022-06-01 00:04:00.000,71600,71600,71570,71580,44,15747950,138036,2022-06-01 00:04:59.500
SHFE.CU2207,2022-06-01 00:05:00.000,71580,71580,71550,71570,29,10377000,138030,2022-06-01 00:05:59.000
SHFE.CU2207,2022-06-01 00:06:00.000,71580,71600,71560,71600,15,5368400,138030,2022-06-01 00:06:59.500
SHFE.CU2207,2022-06-01 00:07:00.000,71600,71610,71570,71570,43,15391200,138053,2022-06-01 00:07:57.500
SHFE.CU2207,2022-06-01 00:08:00.000,71560,71560,71540,71540,22,7870500,138052,2022-06-01 00:08:58.500
SHFE.CU2207,2022-06-01 00:09:00.000,71550,71550,71550,71550,11,3935250,138046,2022-06-01 00:09:59.500
SHFE.CU2207,2022-06-01 00:10:00.000,71550,71560,71540,71560,18,6439800,138047,2022-06-01 00:10:56.500
SHFE.CU2207,2022-06-01 00:11:00.000,71570,71600,71570,71600,22,7873900,138035,2022-06-01 00:11:58.500
SHFE.CU2207,2022-06-01 00:12:00.000,71600,71600,71580,71580,42,15035300,138023,2022-06-01 00:12:59.000
SHFE.CU2207,2022-06-01 00:13:00.000,71570,71570,71560,71560,11,3936250,138015,2022-06-01 00:13:57.500
SHFE.CU2207,2022-06-01 00:14:00.000,71560,71560,71560,71560,11,3935800,138012,2022-06-01 00:14:53.500
SHFE.CU2207,2022-06-01 00:15:00.000,71560,71580,71560,71580,36,12882850,138001,2022-06-01 00:15:59.500
SHFE.CU2207,2022-06-01 00:16:00.000,71580,71580,71560,71560,17,6082800,137999,2022-06-01 00:16:59.500
SHFE.CU2207,2022-06-01 00:17:00.000,71560,71570,71550,71570,10,3578050,137999,2022-06-01 00:17:59.000
SHFE.CU2207,2022-06-01 00:18:00.000,71570,71570,71560,71560,6,2146900,137997,2022-06-01 00:18:57.000
SHFE.CU2207,2022-06-01 00:19:00.000,71560,71570,71560,71570,19,6799000,137997,2022-06-01 00:19:59.500
SHFE.CU2207,2022-06-01 00:20:00.000,71560,71580,71560,71580,20,7157050,137989,2022-06-01 00:20:51.500
SHFE.CU2207,2022-06-01 00:21:00.000,71570,71570,71570,71570,13,4652050,137987,2022-06-01 00:21:51.500
SHFE.CU2207,2022-06-01 00:22:00.000,71560,71560,71550,71560,88,31486350,137956,2022-06-01 00:22:59.500
SHFE.CU2207,2022-06-01 00:23:00.000,71560,71560,71550,71550,6,2146700,137958,2022-06-01 00:23:53.500
SHFE.CU2207,2022-06-01 00:24:00.000,71560,71560,71560,71560,4,1431200,137960,2022-06-01 00:24:52.500
SHFE.CU2207,2022-06-01 00:25:00.000,71560,71580,71560,71570,10,3578300,137958,2022-06-01 00:25:53.000
SHFE.CU2207,2022-06-01 00:26:00.000,71580,71580,71580,71580,5,1789500,137954,2022-06-01 00:26:58.500
SHFE.CU2207,2022-06-01 00:27:00.000,71590,71590,71590,71590,17,6085150,137956,2022-06-01 00:27:54.000
SHFE.CU2207,2022-06-01 00:28:00.000,71580,71580,71570,71570,12,4294700,137954,2022-06-01 00:28:55.500
SHFE.CU2207,2022-06-01 00:29:00.000,71590,71590,71560,71560,15,5367700,137959,2022-06-01 00:29:54.500
SHFE.CU2207,2022-06-01 00:30:00.000,71560,71560,71550,71550,4,1431050,137961,2022-06-01 00:30:59.500
SHFE.CU2207,2022-06-01 00:31:00.000,71560,71570,71560,71570,8,2862700,137959,2022-06-01 00:31:59.000
SHFE.CU2207,2022-06-01 00:32:00.000,71570,71570,71570,71570,12,4294200,137965,2022-06-01 00:32:52.500
SHFE.CU2207,2022-06-01 00:33:00.000,71570,71570,71570,71570,0,0,137965,2022-06-01 00:32:52.500
SHFE.CU2207,2022-06-01 00:34:00.000,71570,71580,71570,71580,22,7873300,137955,2022-06-01 00:34:56.500
SHFE.CU2207,2022-06-01 00:35:00.000,71590,71630,71580,71620,87,31150650,137964,2022-06-01 00:35:59.500
SHFE.CU2207,2022-06-01 00:36:00.000,71630,71630,71620,71620,37,13250550,137952,2022-06-01 00:36:56.500
SHFE.CU2207,2022-06-01 00:37:00.000,71620,71630,71610,71620,13,4655200,137953,2022-06-01 00:37:59.500
SHFE.CU2207,2022-06-01 00:38:00.000,71620,71640,71620,71640,27,9670200,137944,2022-06-01 00:38:59.500
SHFE.CU2207,2022-06-01 00:39:00.000,71640,71640,71620,71630,57,20414700,137959,2022-06-01 00:39:58.000
SHFE.CU2207,2022-06-01 00:40:00.000,71630,71640,71620,71620,78,27936900,137934,2022-06-01 00:40:59.000
SHFE.CU2207,2022-06-01 00:41:00.000,71600,71620,71600,71620,46,16469950,137954,2022-06-01 00:41:45.000
SHFE.CU2207,2022-06-01 00:42:00.000,71610,71610,71610,71610,15,5370900,137949,2022-06-01 00:42:54.000
SHFE.CU2207,2022-06-01 00:43:00.000,71610,71620,71610,71620,12,4296700,137951,2022-06-01 00:43:38.000
SHFE.CU2207,2022-06-01 00:44:00.000,71590,71610,71580,71590,27,9665100,137956,2022-06-01 00:44:48.000
SHFE.CU2207,2022-06-01 00:45:00.000,71580,71600,71580,71590,19,6801500,137957,2022-06-01 00:45:56.500
SHFE.CU2207,2022-06-01 00:46:00.000,71600,71600,71570,71580,18,6442450,137958,2022-06-01 00:46:47.500
SHFE.CU2207,2022-06-01 00:47:00.000,71590,71590,71590,71590,15,5369250,137960,2022-06-01 00:47:57.500
SHFE.CU2207,2022-06-01 00:48:00.000,71580,71580,71570,71580,18,6441900,137969,2022-06-01 00:48:57.000
SHFE.CU2207,2022-06-01 00:49:00.000,71580,71580,71570,71570,23,8231150,137960,2022-06-01 00:49:59.500
SHFE.CU2207,2022-06-01 00:50:00.000,71570,71580,71570,71580,11,3936700,137955,2022-06-01 00:50:58.000
SHFE.CU2207,2022-06-01 00:51:00.000,71580,71590,71570,71580,31,11095000,137942,2022-06-01 00:51:53.500
SHFE.CU2207,2022-06-01 00:52:00.000,71580,71580,71570,71580,18,6441900,137931,2022-06-01 00:52:59.000
SHFE.CU2207,2022-06-01 00:53:00.000,71580,71590,71580,71580,5,1789600,137930,2022-06-01 00:53:37.500
SHFE.CU2207,2022-06-01 00:54:00.000,71580,71580,71550,71550,78,27911100,137953,2022-06-01 00:54:59.500
SHFE.CU2207,2022-06-01 00:55:00.000,71560,71560,71520,71520,129,46138550,137924,2022-06-01 00:55:57.500
SHFE.CU2207,2022-06-01 00:56:00.000,71530,71540,71530,71540,20,7153400,137923,2022-06-01 00:56:58.000
SHFE.CU2207,2022-06-01 00:57:00.000,71540,71550,71530,71530,34,12161100,137908,2022-06-01 00:57:59.500
SHFE.CU2207,2022-06-01 00:58:00.000,71540,71550,71520,71550,87,31118400,137885,2022-06-01 00:58:59.500
SHFE.CU2207,2022-06-01 00:59:00.000,71550,71580,71540,71550,76,27191800,137848,2022-06-01 00:59:59.000
SHFE.CU2207,2022-06-01 09:00:00.000,71580,71600,71500,71600,758,271206600,137777,2022-06-01 09:00:59.500
SHFE.CU2207,2022-06-01 09:01:00.000,71590,71600,71520,71560,534,191061000,137740,2022-06-01 09:01:59.500
SHFE.CU2207,2022-06-01 09:02:00.000,71550,71580,71550,71580,267,95545600,137716,2022-06-01 09:02:59.000
SHFE.CU2207,2022-06-01 09:03:00.000,71580,71590,71550,71570,333,119164600,137685,2022-06-01 09:03:59.500
SHFE.CU2207,2022-06-01 09:04:00.000,71570,71570,71540,71560,304,108768100,137662,2022-06-01 09:04:59.500
SHFE.CU2207,2022-06-01 09:05:00.000,71560,71630,71540,71610,552,197551350,137642,2022-06-01 09:05:59.500
SHFE.CU2207,2022-06-01 09:06:00.000,71600,71630,71600,71620,409,146458300,137549,2022-06-01 09:06:59.500
SHFE.CU2207,2022-06-01 09:07:00.000,71600,71620,71580,71600,226,80910550,137536,2022-06-01 09:07:59.000
SHFE.CU2207,2022-06-01 09:08:00.000,71600,71650,71600,71640,261,93477950,137573,2022-06-01 09:08:59.500
SHFE.CU2207,2022-06-01 09:09:00.000,71630,71640,71610,71640,128,45840600,137611,2022-06-01 09:09:59.500
SHFE.CU2207,2022-06-01 09:10:00.000,71640,71650,71620,71650,213,76299500,137617,2022-06-01 09:10:59.500
SHFE.CU2207,2022-06-01 09:11:00.000,71640,71660,71640,71660,134,48004650,137666,2022-06-01 09:11:59.000
SHFE.CU2207,2022-06-01 09:12:00.000,71660,71680,71650,71660,231,82774400,137650,2022-06-01 09:12:59.500
SHFE.CU2207,2022-06-01 09:13:00.000,71660,71680,71660,71670,81,29024200,137667,2022-06-01 09:13:59.500
SHFE.CU2207,2022-06-01 09:14:00.000,71660,71670,71630,71650,216,77382500,137610,2022-06-01 09:14:59.000
SHFE.CU2207,2022-06-01 09:15:00.000,71630,71650,71620,71640,112,40114850,137588,2022-06-01 09:15:58.500
SHFE.CU2207,2022-06-01 09:16:00.000,71630,71660,71620,71660,130,46567050,137607,2022-06-01 09:16:59.500
SHFE.CU2207,2022-06-01 09:17:00.000,71660,71670,71630,71640,73,26152300,137617,2022-06-01 09:17:58.500
SHFE.CU2207,2022-06-01 09:18:00.000,71640,71640,71610,71620,223,79864150,137628,2022-06-01 09:18:59.000
SHFE.CU2207,2022-06-01 09:19:00.000,71630,71630,71620,71630,59,21130000,137632,2022-06-01 09:19:57.000
SHFE.CU2207,2022-06-01 09:20:00.000,71620,71640,71620,71620,123,44050400,137596,2022-06-01 09:20:59.000
SHFE.CU2207,2022-06-01 09:21:00.000,71630,71640,71620,71630,58,20773100,137597,2022-06-01 09:21:59.500
SHFE.CU2207,2022-06-01 09:22:00.000,71640,71640,71620,71630,102,36532100,137609,2022-06-01 09:22:59.500
SHFE.CU2207,2022-06-01 09:23:00.000,71630,71630,71620,71620,49,17548700,137601,2022-06-01 09:23:57.000
SHFE.CU2207,2022-06-01 09:24:00.000,71630,71630,71620,71630,56,20054600,137606,2022-06-01 09:24:59.500
SHFE.CU2207,2022-06-01 09:25:00.000,71630,71630,71600,71600,62,22199700,137623,2022-06-01 09:25:59.500
SHFE.CU2207,2022-06-01 09:26:00.000,71600,71620,71590,71620,199,71246800,137598,2022-06-01 09:26:59.500
SHFE.CU2207,2022-06-01 09:27:00.000,71610,71620,71600,71620,39,13963700,137589,2022-06-01 09:27:59.500
SHFE.CU2207,2022-06-01 09:28:00.000,71620,71620,71590,71600,121,43319050,137601,2022-06-01 09:28:59.000
SHFE.CU2207,2022-06-01 09:29:00.000,71600,71600,71580,71580,156,55845050,137637,2022-06-01 09:29:59.500
SHFE.CU2207,2022-06-01 09:30:00.000,71580,71600,71570,71580,227,81250700,137590,2022-06-01 09:30:55.000
SHFE.CU2207,2022-06-01 09:31:00.000,71580,71580,71550,71560,157,56174750,137568,2022-06-01 09:31:59.500
SHFE.CU2207,2022-06-01 09:32:00.000,71560,71570,71540,71550,322,115202350,137607,2022-06-01 09:32:59.500
SHFE.CU2207,2022-06-01 09:33:00.000,71540,71560,71520,71550,221,79061050,137654,2022-06-01 09:33:58.000
SHFE.CU2207,2022-06-01 09:34:00.000,71550,71570,71550,71570,86,30769600,137679,2022-06-01 09:34:59.500
SHFE.CU2207,2022-06-01 09:35:00.000,71570,71570,71530,71530,149,53305100,137718,2022-06-01 09:35:57.000
SHFE.CU2207,2022-06-01 09:36:00.000,71530,71560,71520,71540,486,173824600,137971,2022-06-01 09:36:59.500
SHFE.CU2207,2022-06-01 09:37:00.000,71540,71540,71520,71530,152,54365000,137955,2022-06-01 09:37:59.500
SHFE.CU2207,2022-06-01 09:38:00.000,71540,71540,71510,71540,164,58646200,137989,2022-06-01 09:38:59.500
SHFE.CU2207,2022-06-01 09:39:00.000,71530,71530,71500,71500,274,97973750,138032,2022-06-01 09:39:59.500
SHFE.CU2207,2022-06-01 09:40:00.000,71490,71520,71490,71520,243,86870600,138019,2022-06-01 09:40:57.500
SHFE.CU2207,2022-06-01 09:41:00.000,71510,71520,71470,71500,284,101512650,138080,2022-06-01 09:41:59.500
SHFE.CU2207,2022-06-01 09:42:00.000,71480,71500,71480,71490,88,31454750,138088,2022-06-01 09:42:59.500
SHFE.CU2207,2022-06-01 09:43:00.000,71470,71490,71460,71480,140,50031900,138118,2022-06-01 09:43:59.500
SHFE.CU2207,2022-06-01 09:44:00.000,71480,71500,71460,71480,173,61832000,138096,2022-06-01 09:44:59.500
SHFE.CU2207,2022-06-01 09:45:00.000,71470,71480,71440,71470,573,204723150,138054,2022-06-01 09:45:59.500
SHFE.CU2207,2022-06-01 09:46:00.000,71480,71490,71440,71440,374,133632900,138010,2022-06-01 09:46:59.500
SHFE.CU2207,2022-06-01 09:47:00.000,71450,71470,71440,71460,353,126112100,137978,2022-06-01 09:47:59.500
SHFE.CU2207,2022-06-01 09:48:00.000,71450,71470,71450,71450,156,55738100,137963,2022-06-01 09:48:59.000
SHFE.CU2207,2022-06-01 09:49:00.000,71450,71470,71430,71430,327,116812050,137967,2022-06-01 09:49:59.500
SHFE.CU2207,2022-06-01 09:50:00.000,71430,71440,71400,71430,261,93205700,137904,2022-06-01 09:50:59.500
SHFE.CU2207,2022-06-01 09:51:00.000,71440,71470,71420,71460,171,61084900,137917,2022-06-01 09:51:59.000
SHFE.CU2207,2022-06-01 09:52:00.000,71460,71470,71450,71470,123,43948000,137970,2022-06-01 09:52:57.500
SHFE.CU2207,2022-06-01 09:53:00.000,71470,71470,71440,71460,173,61808700,137952,2022-06-01 09:53:59.000
SHFE.CU2207,2022-06-01 09:54:00.000,71440,71480,71440,71460,146,52159850,137947,2022-06-01 09:54:59.500
SHFE.CU2207,2022-06-01 09:55:00.000,71470,71500,71460,71480,120,42892550,137943,2022-06-01 09:55:59.000
SHFE.CU2207,2022-06-01 09:56:00.000,71490,71530,71480,71510,131,46837800,137889,2022-06-01 09:56:59.500
SHFE.CU2207,2022-06-01 09:57:00.000,71520,71520,71500,71510,107,38258300,137874,2022-06-01 09:57:59.500
SHFE.CU2207,2022-06-01 09:58:00.000,71510,71520,71490,71490,205,73290050,137852,2022-06-01 09:58:59.000
SHFE.CU2207,2022-06-01 09:59:00.000,71500,71520,71480,71510,137,48975900,137866,2022-06-01 09:59:59.500
SHFE.CU2207,2022-06-01 10:00:00.000,71500,71510,71490,71500,210,75076300,137856,2022-06-01 10:00:59.500
SHFE.CU2207,2022-06-01 10:01:00.000,71500,71500,71480,71490,165,58980550,137846,2022-06-01 10:01:58.000
SHFE.CU2207,2022-06-01 10:02:00.000,71490,71500,71490,71490,40,14298700,137852,2022-06-01 10:02:59.500
SHFE.CU2207,2022-06-01 10:03:00.000,71500,71510,71490,71510,67,23952150,137861,2022-06-01 10:03:58.500
SHFE.CU2207,2022-06-01 10:04:00.000,71500,71510,71490,71500,63,22521450,137868,2022-06-01 10:04:55.500
SHFE.CU2207,2022-06-01 10:05:00.000,71500,71510,71500,71500,31,11083300,137866,2022-06-01 10:05:57.000
SHFE.CU2207,2022-06-01 10:06:00.000,71510,71520,71510,71510,53,18951600,137874,2022-06-01 10:06:59.500
SHFE.CU2207,2022-06-01 10:07:00.000,71510,71520,71500,71500,68,24313700,137907,2022-06-01 10:07:59.000
SHFE.CU2207,2022-06-01 10:08:00.000,71510,71520,71500,71500,69,24670050,137929,2022-06-01 10:08:59.500
SHFE.CU2207,2022-06-01 10:09:00.000,71500,71520,71500,71500,67,23955650,137920,2022-06-01 10:09:59.500
SHFE.CU2207,2022-06-01 10:10:00.000,71500,71530,71500,71520,162,57928600,137867,2022-06-01 10:10:56.000
SHFE.CU2207,2022-06-01 10:11:00.000,71530,71540,71520,71540,126,45064050,137863,2022-06-01 10:11:59.000
SHFE.CU2207,2022-06-01 10:12:00.000,71540,71570,71530,71550,224,80140450,137917,2022-06-01 10:12:59.500
SHFE.CU2207,2022-06-01 10:13:00.000,71560,71570,71550,71570,155,55461050,137941,2022-06-01 10:13:58.500
SHFE.CU2207,2022-06-01 10:14:00.000,71560,71590,71560,71580,92,32924650,137980,2022-06-01 10:15:00.000
SHFE.CU2207,2022-06-01 10:30:00.000,71570,71620,71560,71620,377,134960100,138022,2022-06-01 10:30:59.500
SHFE.CU2207,2022-06-01 10:31:00.000,71620,71630,71600,71620,335,119947850,137961,2022-06-01 10:31:59.500
SHFE.CU2207,2022-06-01 10:32:00.000,71610,71620,71590,71610,199,71248700,138029,2022-06-01 10:32:57.500
SHFE.CU2207,2022-06-01 10:33:00.000,71610,71630,71610,71620,161,57653000,138084,2022-06-01 10:33:58.500
SHFE.CU2207,2022-06-01 10:34:00.000,71630,71640,71610,71620,236,84519950,138143,2022-06-01 10:34:59.500
SHFE.CU2207,2022-06-01 10:35:00.000,71610,71620,71580,71600,310,110992850,138147,2022-06-01 10:35:59.500
SHFE.CU2207,2022-06-01 10:36:00.000,71600,71610,71590,71610,165,59075300,138247,2022-06-01 10:36:59.500
SHFE.CU2207,2022-06-01 10:37:00.000,71620,71630,71580,71580,230,82353450,138273,2022-06-01 10:37:59.500
SHFE.CU2207,2022-06-01 10:38:00.000,71600,71600,71580,71580,96,34359300,138313,2022-06-01 10:38:58.500
SHFE.CU2207,2022-06-01 10:39:00.000,71590,71600,71570,71590,147,52615850,138338,2022-06-01 10:39:59.500
SHFE.CU2207,2022-06-01 10:40:00.000,71590,71590,71570,71580,100,35792200,138341,2022-06-01 10:40:59.500
SHFE.CU2207,2022-06-01 10:41:00.000,71590,71610,71580,71610,124,44388300,138345,2022-06-01 10:41:59.500
SHFE.CU2207,2022-06-01 10:42:00.000,71600,71610,71600,71600,63,22556600,138362,2022-06-01 10:42:56.500
SHFE.CU2207,2022-06-01 10:43:00.000,71600,71610,71590,71600,176,63008650,138341,2022-06-01 10:43:59.500
SHFE.CU2207,2022-06-01 10:44:00.000,71590,71610,71590,71600,130,46536800,138366,2022-06-01 10:44:59.500
SHFE.CU2207,2022-06-01 10:45:00.000,71600,71610,71590,71610,85,30429550,138401,2022-06-01 10:45:59.500
SHFE.CU2207,2022-06-01 10:46:00.000,71590,71600,71580,71600,54,19329700,138421,2022-06-01 10:46:59.500
SHFE.CU2207,2022-06-01 10:47:00.000,71600,71610,71590,71590,28,10024050,138416,2022-06-01 10:47:59.500
SHFE.CU2207,2022-06-01 10:48:00.000,71590,71600,71580,71590,177,63354800,138405,2022-06-01 10:48:57.500
SHFE.CU2207,2022-06-01 10:49:00.000,71600,71600,71590,71600,75,26849200,138396,2022-06-01 10:49:59.500
SHFE.CU2207,2022-06-01 10:50:00.000,71590,71620,71580,71600,167,59783450,138399,2022-06-01 10:50:59.500
SHFE.CU2207,2022-06-01 10:51:00.000,71610,71620,71580,71610,125,44749800,138423,2022-06-01 10:51:57.000
SHFE.CU2207,2022-06-01 10:52:00.000,71610,71620,71610,71620,63,22559100,138409,2022-06-01 10:52:59.500
SHFE.CU2207,2022-06-01 10:53:00.000,71610,71620,71590,71590,91,32577250,138426,2022-06-01 10:53:59.500
SHFE.CU2207,2022-06-01 10:54:00.000,71580,71600,71570,71600,82,29348550,138425,2022-06-01 10:54:59.500
SHFE.CU2207,2022-06-01 10:55:00.000,71590,71600,71590,71600,88,31501550,138407,2022-06-01 10:55:59.500
SHFE.CU2207,2022-06-01 10:56:00.000,71600,71610,71600,71610,43,15395100,138417,2022-06-01 10:56:59.500
SHFE.CU2207,2022-06-01 10:57:00.000,71600,71620,71590,71610,67,23987850,138416,2022-06-01 10:57:59.500
SHFE.CU2207,2022-06-01 10:58:00.000,71620,71640,71610,71630,704,252114200,138764,2022-06-01 10:58:58.000
SHFE.CU2207,2022-06-01 10:59:00.000,71630,71640,71620,71630,70,25071850,138746,2022-06-01 10:59:58.500
SHFE.CU2207,2022-06-01 11:00:00.000,71630,71630,71610,71610,102,36526900,138802,2022-06-01 11:00:58.000
SHFE.CU2207,2022-06-01 11:01:00.000,71610,71620,71600,71610,149,53350900,138837,2022-06-01 11:01:59.000
SHFE.CU2207,2022-06-01 11:02:00.000,71610,71610,71600,71600,69,24705450,138865,2022-06-01 11:02:59.500
SHFE.CU2207,2022-06-01 11:03:00.000,71610,71620,71590,71600,66,23628050,138874,2022-06-01 11:03:58.000
SHFE.CU2207,2022-06-01 11:04:00.000,71600,71610,71590,71590,23,8233650,138878,2022-06-01 11:04:59.500
SHFE.CU2207,2022-06-01 11:05:00.000,71590,71600,71590,71590,30,10739250,138885,2022-06-01 11:05:58.000
SHFE.CU2207,2022-06-01 11:06:00.000,71580,71580,71550,71560,120,42940150,138837,2022-06-01 11:06:59.500
SHFE.CU2207,2022-06-01 11:07:00.000,71570,71580,71560,71560,127,45447950,138844,2022-06-01 11:07:59.500
SHFE.CU2207,2022-06-01 11:08:00.000,71560,71570,71550,71560,123,44011200,138886,2022-06-01 11:08:59.000
SHFE.CU2207,2022-06-01 11:09:00.000,71560,71570,71560,71560,21,7514150,138895,2022-06-01 11:09:58.500
SHFE.CU2207,2022-06-01 11:10:00.000,71560,71570,71560,71570,77,27554150,138890,2022-06-01 11:10:52.000
SHFE.CU2207,2022-06-01 11:11:00.000,71570,71600,71570,71590,69,24699250,138905,2022-06-01 11:11:59.000
SHFE.CU2207,2022-06-01 11:12:00.000,71590,71600,71580,71600,75,26845600,138903,2022-06-01 11:12:52.000
SHFE.CU2207,2022-06-01 11:13:00.000,71600,71600,71580,71580,58,20760900,138896,2022-06-01 11:13:56.000
SHFE.CU2207,2022-06-01 11:14:00.000,71580,71580,71570,71580,7,2505100,138898,2022-06-01 11:14:57.500
SHFE.CU2207,2022-06-01 11:15:00.000,71590,71610,71580,71600,120,42959050,138984,2022-06-01 11:15:59.500
SHFE.CU2207,2022-06-01 11:16:00.000,71600,71620,71600,71610,118,42250100,139057,2022-06-01 11:16:59.500
SHFE.CU2207,2022-06-01 11:17:00.000,71620,71630,71620,71620,70,25067950,139080,2022-06-01 11:17:56.500
SHFE.CU2207,2022-06-01 11:18:00.000,71630,71640,71620,71630,105,37606350,139053,2022-06-01 11:18:59.000
SHFE.CU2207,2022-06-01 11:19:00.000,71620,71630,71620,71630,59,21130650,139042,2022-06-01 11:19:59.500
SHFE.CU2207,2022-06-01 11:20:00.000,71630,71660,71620,71650,219,78452500,139060,2022-06-01 11:20:56.000
SHFE.CU2207,2022-06-01 11:21:00.000,71650,71650,71620,71620,96,34383600,139056,2022-06-01 11:21:57.500
SHFE.CU2207,2022-06-01 11:22:00.000,71620,71630,71610,71620,113,40465400,139073,2022-06-01 11:22:59.000
SHFE.CU2207,2022-06-01 11:23:00.000,71610,71620,71600,71620,96,34373500,139104,2022-06-01 11:23:59.500
SHFE.CU2207,2022-06-01 11:24:00.000,71610,71630,71610,71620,55,19695150,139130,2022-06-01 11:24:58.500
SHFE.CU2207,2022-06-01 11:25:00.000,71620,71620,71590,71600,123,44039500,139127,2022-06-01 11:25:59.000
SHFE.CU2207,2022-06-01 11:26:00.000,71600,71600,71580,71590,72,25773800,139135,2022-06-01 11:26:58.000
SHFE.CU2207,2022-06-01 11:27:00.000,71590,71610,71590,71590,102,36511800,139165,2022-06-01 11:27:58.500
SHFE.CU2207,2022-06-01 11:28:00.000,71580,71600,71580,71590,68,24340150,139163,2022-06-01 11:28:59.500
SHFE.CU2207,2022-06-01 11:29:00.000,71590,71600,71580,71600,107,38303350,139211,2022-06-01 11:30:00.000
SHFE.CU2207,2022-06-01 13:30:00.000,71530,71550,71480,71520,884,316157150,139217,2022-06-01 13:30:59.500
SHFE.CU2207,2022-06-01 13:31:00.000,71530,71530,71500,71510,484,173054150,139263,2022-06-01 13:31:59.500
SHFE.CU2207,2022-06-01 13:32:00.000,71510,71520,71490,71500,402,143725750,139281,2022-06-01 13:32:59.500
SHFE.CU2207,2022-06-01 13:33:00.000,71500,71520,71490,71510,221,79013000,139280,2022-06-01 13:33:59.500
SHFE.CU2207,2022-06-01 13:34:00.000,71500,71520,71480,71490,182,65063450,139334,2022-06-01 13:34:59.500
SHFE.CU2207,2022-06-01 13:35:00.000,71490,71490,71450,71460,417,148998000,139421,2022-06-01 13:35:59.500
SHFE.CU2207,2022-06-01 13:36:00.000,71450,71470,71440,71440,181,64671900,139469,2022-06-01 13:36:58.500
SHFE.CU2207,2022-06-01 13:37:00.000,71440,71450,71410,71420,653,233222950,139468,2022-06-01 13:37:59.500
SHFE.CU2207,2022-06-01 13:38:00.000,71410,71440,71410,71430,226,80711500,139529,2022-06-01 13:38:59.500
SHFE.CU2207,2022-06-01 13:39:00.000,71420,71450,71420,71450,195,69655550,139590,2022-06-01 13:39:59.500
SHFE.CU2207,2022-06-01 13:40:00.000,71450,71480,71450,71480,172,61462900,139586,2022-06-01 13:40:59.500
SHFE.CU2207,2022-06-01 13:41:00.000,71480,71480,71460,71460,21,7504700,139589,2022-06-01 13:41:59.500
SHFE.CU2207,2022-06-01 13:42:00.000,71470,71490,71460,71480,195,69693550,139560,2022-06-01 13:42:59.000
SHFE.CU2207,2022-06-01 13:43:00.000,71480,71510,71480,71510,144,51475550,139598,2022-06-01 13:43:57.500
SHFE.CU2207,2022-06-01 13:44:00.000,71500,71520,71500,71500,111,39686900,139595,2022-06-01 13:44:59.500
SHFE.CU2207,2022-06-01 13:45:00.000,71510,71540,71510,71520,228,81538300,139610,2022-06-01 13:45:59.500
SHFE.CU2207,2022-06-01 13:46:00.000,71520,71540,71520,71520,102,36480500,139613,2022-06-01 13:46:59.000
SHFE.CU2207,2022-06-01 13:47:00.000,71520,71520,71480,71490,171,61137900,139645,2022-06-01 13:47:59.500
SHFE.CU2207,2022-06-01 13:48:00.000,71490,71500,71480,71480,176,62909600,139667,2022-06-01 13:48:59.000
SHFE.CU2207,2022-06-01 13:49:00.000,71480,71490,71470,71490,85,30378650,139680,2022-06-01 13:49:59.000
SHFE.CU2207,2022-06-01 13:50:00.000,71490,71490,71480,71480,47,16799500,139687,2022-06-01 13:50:59.000
SHFE.CU2207,2022-06-01 13:51:00.000,71480,71510,71480,71500,98,35033200,139681,2022-06-01 13:51:58.000
SHFE.CU2207,2022-06-01 13:52:00.000,71510,71530,71510,71530,62,22170600,139679,2022-06-01 13:52:59.500
SHFE.CU2207,2022-06-01 13:53:00.000,71520,71540,71520,71530,45,16094650,139675,2022-06-01 13:53:59.000
SHFE.CU2207,2022-06-01 13:54:00.000,71520,71530,71520,71530,28,10013250,139685,2022-06-01 13:54:59.500
SHFE.CU2207,2022-06-01 13:55:00.000,71540,71550,71530,71540,94,33626000,139686,2022-06-01 13:55:58.500
SHFE.CU2207,2022-06-01 13:56:00.000,71540,71540,71520,71530,34,12160750,139700,2022-06-01 13:56:59.500
SHFE.CU2207,2022-06-01 13:57:00.000,71510,71520,71500,71510,72,25744950,139698,2022-06-01 13:57:57.500
SHFE.CU2207,2022-06-01 13:58:00.000,71520,71530,71500,71510,63,22528200,139672,2022-06-01 13:58:59.000
SHFE.CU2207,2022-06-01 13:59:00.000,71520,71530,71500,71520,92,32896650,139699,2022-06-01 13:59:59.500
SHFE.CU2207,2022-06-01 14:00:00.000,71510,71530,71500,71500,68,24313200,139725,2022-06-01 14:00:59.500
SHFE.CU2207,2022-06-01 14:01:00.000,71500,71510,71490,71510,48,17160550,139742,2022-06-01 14:01:56.500
SHFE.CU2207,2022-06-01 14:02:00.000,71510,71530,71500,71520,56,20024900,139765,2022-06-01 14:02:59.000
SHFE.CU2207,2022-06-01 14:03:00.000,71520,71530,71520,71520,24,8583450,139775,2022-06-01 14:03:59.000
SHFE.CU2207,2022-06-01 14:04:00.000,71530,71540,71530,71540,31,11087500,139769,2022-06-01 14:04:58.500
SHFE.CU2207,2022-06-01 14:05:00.000,71540,71560,71540,71540,171,61175300,139777,2022-06-01 14:05:59.500
SHFE.CU2207,2022-06-01 14:06:00.000,71550,71560,71530,71530,79,28260500,139774,2022-06-01 14:06:59.500
SHFE.CU2207,2022-06-01 14:07:00.000,71540,71540,71500,71510,119,42553950,139805,2022-06-01 14:07:56.000
SHFE.CU2207,2022-06-01 14:08:00.000,71520,71540,71520,71540,41,14663200,139814,2022-06-01 14:08:54.500
SHFE.CU2207,2022-06-01 14:09:00.000,71530,71540,71520,71540,77,27539000,139829,2022-06-01 14:09:54.500
SHFE.CU2207,2022-06-01 14:10:00.000,71540,71560,71530,71550,76,27186600,139823,2022-06-01 14:10:59.500
SHFE.CU2207,2022-06-01 14:11:00.000,71550,71560,71550,71560,43,15384650,139819,2022-06-01 14:11:59.500
SHFE.CU2207,2022-06-01 14:12:00.000,71560,71560,71540,71550,106,37920350,139815,2022-06-01 14:12:58.500
SHFE.CU2207,2022-06-01 14:13:00.000,71550,71570,71550,71550,83,29697150,139824,2022-06-01 14:13:53.000
SHFE.CU2207,2022-06-01 14:14:00.000,71550,71560,71540,71550,36,12878700,139821,2022-06-01 14:14:54.000
SHFE.CU2207,2022-06-01 14:15:00.000,71540,71550,71530,71550,188,67243250,139873,2022-06-01 14:15:51.000
SHFE.CU2207,2022-06-01 14:16:00.000,71540,71550,71540,71540,43,15382100,139885,2022-06-01 14:16:59.000
SHFE.CU2207,2022-06-01 14:17:00.000,71530,71530,71510,71530,88,31468800,139896,2022-06-01 14:17:59.500
SHFE.CU2207,2022-06-01 14:18:00.000,71520,71520,71500,71500,115,41118400,139877,2022-06-01 14:18:56.000
SHFE.CU2207,2022-06-01 14:19:00.000,71510,71510,71500,71510,38,13586750,139863,2022-06-01 14:19:56.500
SHFE.CU2207,2022-06-01 14:20:00.000,71510,71540,71500,71520,126,45058600,139859,2022-06-01 14:20:56.000
SHFE.CU2207,2022-06-01 14:21:00.000,71510,71520,71500,71520,88,31463900,139856,2022-06-01 14:21:59.500
SHFE.CU2207,2022-06-01 14:22:00.000,71510,71540,71510,71530,44,15735300,139870,2022-06-01 14:22:59.500
SHFE.CU2207,2022-06-01 14:23:00.000,71530,71550,71530,71550,50,17885600,139876,2022-06-01 14:23:59.000
SHFE.CU2207,2022-06-01 14:24:00.000,71550,71560,71540,71560,38,13594600,139860,2022-06-01 14:24:56.500
SHFE.CU2207,2022-06-01 14:25:00.000,71560,71590,71560,71580,175,62625400,139840,2022-06-01 14:25:59.500
SHFE.CU2207,2022-06-01 14:26:00.000,71570,71590,71570,71570,124,44376200,139872,2022-06-01 14:26:59.500
SHFE.CU2207,2022-06-01 14:27:00.000,71570,71570,71550,71550,109,38999650,139830,2022-06-01 14:27:59.500
SHFE.CU2207,2022-06-01 14:28:00.000,71550,71560,71540,71550,67,23969700,139832,2022-06-01 14:28:59.500
SHFE.CU2207,2022-06-01 14:29:00.000,71550,71550,71530,71540,74,26470050,139865,2022-06-01 14:29:59.500
SHFE.CU2207,2022-06-01 14:30:00.000,71530,71550,71530,71540,114,40777350,139864,2022-06-01 14:30:59.500
SHFE.CU2207,2022-06-01 14:31:00.000,71540,71550,71540,71550,44,15739100,139890,2022-06-01 14:31:59.500
SHFE.CU2207,2022-06-01 14:32:00.000,71550,71560,71530,71540,84,30049400,139912,2022-06-01 14:32:54.500
SHFE.CU2207,2022-06-01 14:33:00.000,71550,71580,71550,71560,81,28982850,139892,2022-06-01 14:33:59.500
SHFE.CU2207,2022-06-01 14:34:00.000,71560,71570,71560,71560,37,13239250,139910,2022-06-01 14:34:59.500
SHFE.CU2207,2022-06-01 14:35:00.000,71560,71560,71550,71550,43,15384950,139922,2022-06-01 14:35:59.500
SHFE.CU2207,2022-06-01 14:36:00.000,71550,71550,71520,71520,162,57948550,139878,2022-06-01 14:36:59.500
SHFE.CU2207,2022-06-01 14:37:00.000,71520,71540,71480,71510,511,182696000,139814,2022-06-01 14:37:59.500
SHFE.CU2207,2022-06-01 14:38:00.000,71510,71530,71510,71530,45,16092400,139833,2022-06-01 14:38:59.000
SHFE.CU2207,2022-06-01 14:39:00.000,71530,71540,71520,71540,29,10372500,139844,2022-06-01 14:39:57.000
SHFE.CU2207,2022-06-01 14:40:00.000,71530,71540,71520,71520,42,15022150,139852,2022-06-01 14:40:55.000
SHFE.CU2207,2022-06-01 14:41:00.000,71520,71550,71520,71530,76,27183550,139845,2022-06-01 14:41:59.000
SHFE.CU2207,2022-06-01 14:42:00.000,71550,71550,71530,71550,44,15739150,139858,2022-06-01 14:42:58.500
SHFE.CU2207,2022-06-01 14:43:00.000,71550,71580,71550,71580,92,32919650,139909,2022-06-01 14:43:59.000
SHFE.CU2207,2022-06-01 14:44:00.000,71580,71590,71570,71590,113,40442750,139906,2022-06-01 14:44:59.000
SHFE.CU2207,2022-06-01 14:45:00.000,71580,71600,71570,71580,131,46890450,139876,2022-06-01 14:45:59.500
SHFE.CU2207,2022-06-01 14:46:00.000,71580,71590,71570,71570,70,25052500,139870,2022-06-01 14:46:59.500
SHFE.CU2207,2022-06-01 14:47:00.000,71570,71590,71570,71570,43,15389200,139876,2022-06-01 14:47:55.500
SHFE.CU2207,2022-06-01 14:48:00.000,71570,71570,71560,71560,89,31845700,139858,2022-06-01 14:48:59.500
SHFE.CU2207,2022-06-01 14:49:00.000,71560,71560,71550,71550,95,33990050,139892,2022-06-01 14:49:59.500
SHFE.CU2207,2022-06-01 14:50:00.000,71560,71570,71550,71570,53,18964900,139875,2022-06-01 14:50:56.500
SHFE.CU2207,2022-06-01 14:51:00.000,71560,71570,71560,71560,26,9303300,139860,2022-06-01 14:51:59.500
SHFE.CU2207,2022-06-01 14:52:00.000,71570,71610,71560,71600,278,99502750,139888,2022-06-01 14:52:59.500
SHFE.CU2207,2022-06-01 14:53:00.000,71600,71610,71590,71590,96,34368250,139894,2022-06-01 14:53:57.000
SHFE.CU2207,2022-06-01 14:54:00.000,71590,71600,71570,71580,135,48322500,139950,2022-06-01 14:54:59.500
SHFE.CU2207,2022-06-01 14:55:00.000,71590,71590,71580,71590,143,51183750,139958,2022-06-01 14:55:59.500
SHFE.CU2207,2022-06-01 14:56:00.000,71590,71600,71580,71590,78,27920300,139976,2022-06-01 14:56:59.500
SHFE.CU2207,2022-06-01 14:57:00.000,71600,71610,71590,71610,240,85922400,139937,2022-06-01 14:57:59.500
SHFE.CU2207,2022-06-01 14:58:00.000,71600,71620,71580,71600,251,89860300,139925,2022-06-01 14:58:59.000
SHFE.CU2207,2022-06-01 14:59:00.000,71600,71600,71570,71600,277,99144850,139921,2022-06-01 15:00:00.500
